item_id,cleanout_bag_id,category,donor_state,weight_grams,disposition,timestamp,evidence_id
TB-1001,TU-BAG-9821,Denim,CA,630,LISTED_RESALE,2026-09-19T13:00:00.000Z,RS-20301
TB-1002,TU-BAG-9821,Outerwear,CA,,REPAIRED,2026-09-19T13:02:00.000Z,RP-20302
TB-1003,TU-BAG-9822,Knitwear,TX,345,LISTED_RESALE,2026-09-19T13:04:00.000Z,RS-20303
TB-1004,TU-BAG-9822,Tops,CA,185,DOWN_CYCLED_SHRED,2026-09-19T13:06:00.000Z,
TB-1005,TU-BAG-9823,Accessories,CA,105,LISTED_RESALE,2026-09-19T13:08:00.000Z,RS-20305
TB-1006,TU-BAG-9823,Denim,NV,680,REPAIRED,2026-09-19T13:10:00.000Z,RP-20306
TB-1007,TU-BAG-9824,Outerwear,CA,930,LISTED_RESALE,2026-09-19T13:12:00.000Z,RS-20307
TB-1008,TU-BAG-9824,Tops,CA,,REPAIRED,2026-09-19T13:14:00.000Z,RP-20308
TB-1009,TU-BAG-9825,Knitwear,CA,360,UNVERIFIED_EXPORT,2026-09-19T13:16:00.000Z,
TB-1010,TU-BAG-9825,Denim,CA,645,LANDFILL,2026-09-19T13:18:00.000Z,
TB-1011,TU-BAG-9826,Accessories,OR,115,LISTED_RESALE,2026-09-19T13:20:00.000Z,RS-20311
TB-1012,TU-BAG-9826,Outerwear,CA,875,REPAIRED,2026-09-19T13:22:00.000Z,RP-20312
TB-1013,TU-BAG-9827,Tops,CA,175,LISTED_RESALE,2026-09-19T13:24:00.000Z,RS-20313
TB-1014,TU-BAG-9827,Denim,,610,LISTED_RESALE,2026-09-19T13:26:00.000Z,RS-20314
TB-1015,TU-BAG-9828,Knitwear,CA,,LISTED_RESALE,2026-09-19T13:28:00.000Z,RS-20315
TB-1016,TU-BAG-9828,Outerwear,CA,790,DOWN_CYCLED_SHRED,2026-09-19T13:30:00.000Z,